Algorithm,Accuracy,Precision,Recall,F1 Score,ROC-AUC
Random Forest Classifier,0.9090909090909091,0.76,0.5757575757575758,0.6551724137931034,0.9257008588559391
Logistic Regression,0.9045454545454545,0.75,0.5454545454545454,0.631578947368421,0.9120077783179388
Gradient Boosting Classifier,0.8977272727272727,0.7333333333333333,0.5,0.5945945945945946,0.9220547723221519
