Algorithm,MAE,MSE,RMSE,R2 Score
Extra Trees,3.3105391429157254,18.022419031094618,4.2452819730960885,0.4579723599670792
Random Forest,3.3117985259445875,18.05259241647149,4.24883424205646,0.45706488973018067
Gradient Boosting,3.43399268255966,18.642546669886304,4.317701549422598,0.4393219046650736
Linear Regression (OLS),3.361926187743279,19.44518827061382,4.409669859594232,0.4151823076507122
Decision Tree,3.38870295642301,19.613660918867513,4.428731299014145,0.4101154610866913
